{
	"Calibration": {
		"Dynamic": {
			"Stereo": {
				"Angle": {
					"Epipolar": -0.000177736162796665234,
					"Vergence": 0
				},
				"Left": {
					"Camera": [
						[
							1509.9003438464506,
							0,
							0
						],
						[
							0,
							1509.9003438464506,
							0
						],
						[
							578.380377373311148,
							506.356289758547234,
							1
						]
					],
					"Rotation": [
						[
							0.999373316424175484,
							0.00149041343935089974,
							-0.0353659877159497038
						],
						[
							-0.00144680865887841944,
							0.999998161436907229,
							0.00125851798159009915
						],
						[
							0.0353677984054633771,
							-0.00120656147178393276,
							0.999373635356349266
						]
					]
				},
				"Reprojection": [
					[
						1,
						0,
						0,
						0
					],
					[
						0,
						1,
						0,
						0
					],
					[
						0,
						0,
						0,
						0.00993897350107696836
					],
					[
						-578.380377373311148,
						-506.356289758547234,
						1509.9003438464506,
						1.24088281132464484
					]
				],
				"Right": {
					"Camera": [
						[
							1509.9003438464506,
							0,
							0
						],
						[
							0,
							1509.9003438464506,
							0
						],
						[
							703.230575554258621,
							506.356289758547234,
							1
						]
					],
					"Rotation": [
						[
							0.99930059827033646,
							0.00209277764270015881,
							0.0373354332810769129
						],
						[
							-0.00204721611911646726,
							0.999997112515390252,
							-0.00125851779625591798
						],
						[
							-0.0373379592734948557,
							0.00118120388590518387,
							0.999301997173362433
						]
					]
				}
			}
		},
		"Monocular": {
			"Left": {
				"Camera": [
					[
						1542.9183214164691,
						0,
						0
					],
					[
						0,
						1543.64634057140461,
						0
					],
					[
						640.8321533203125,
						486.01434326171875,
						1
					]
				],
				"Distortion": [
					-0.543826002685477761,
					0.138409291030517717,
					-0.00107014927380098867,
					0.00143048221757736071,
					0.197408949789581206
				]
			},
			"Right": {
				"Camera": [
					[
						1544.08737378931369,
						0,
						0
					],
					[
						0,
						1544.81348863384028,
						0
					],
					[
						634.41363525390625,
						529.21917724609375,
						1
					]
				],
				"Distortion": [
					-0.542768506156229513,
					0.145187028020219877,
					-0.00166928166929834081,
					0.00163670626323266714,
					0.171946210805847599
				]
			}
		},
		"Stereo": {
			"Angle": {
				"Epipolar": 0.00216156807119122218,
				"OpticalAxis": -0.000602541621919510089,
				"Vergence": 0.0727182332187892577
			},
			"Baseline": 100.614012090045506,
			"Left": {
				"Camera": [
					[
						1509.9003438464506,
						0,
						0
					],
					[
						0,
						1509.9003438464506,
						0
					],
					[
						578.380377373311148,
						506.356289758547234,
						1
					]
				],
				"Rotation": [
					[
						0.999373316424175484,
						0.00148412760089266051,
						-0.0353662520577056882
					],
					[
						-0.00144680865887841944,
						0.999998369326020153,
						0.00108078212662998468
					],
					[
						0.0353677984054633771,
						-0.00102893661851301559,
						0.999373834020776064
					]
				]
			},
			"Rectification": true,
			"Reprojection": [
				[
					1,
					0,
					0,
					0
				],
				[
					0,
					1,
					0,
					0
				],
				[
					0,
					0,
					0,
					0.00993897350107696836
				],
				[
					-578.380377373311148,
					-506.356289758547234,
					1509.9003438464506,
					1.24088281132464484
				]
			],
			"Right": {
				"Camera": [
					[
						1509.9003438464506,
						0,
						0
					],
					[
						0,
						1509.9003438464506,
						0
					],
					[
						703.230575554258621,
						506.356289758547234,
						1
					]
				],
				"Rotation": [
					[
						0.99930059827033646,
						0.00208614175303179416,
						0.0373358046536269028
					],
					[
						-0.00204721611911646726,
						0.999997320404486856,
						-0.00108078212772709102
					],
					[
						-0.0373379592734948557,
						0.00100359176573047823,
						0.999302191331960632
					]
				]
			}
		}
	},
	"EepromId": 1,
	"Images": {
		"DisparityMap": 13162314669.6224632,
		"PointMap": null,
		"Raw": [
			{
				"Left": 13162314669.625,
				"Right": 13162314669.625
			},
			{
				"Left": 13162314669.6889992,
				"Right": 13162314669.6889992
			},
			{
				"Left": 13162314669.7520008,
				"Right": 13162314669.7520008
			},
			{
				"Left": 13162314669.8169994,
				"Right": 13162314669.8169994
			}
		],
		"Rectified": [
			{
				"Left": 13162314668.6695957,
				"Right": 13162314668.6695976
			},
			{
				"Left": 13162314668.6814537,
				"Right": 13162314668.6814537
			},
			{
				"Left": 13162314668.6927662,
				"Right": 13162314668.6927662
			},
			{
				"Left": 13162314668.7039242,
				"Right": 13162314668.7039242
			}
		],
		"WithOverlay": {
			"Left": null,
			"Right": null
		}
	},
	"Link": {
		"Rotation": {
			"Angle": 0,
			"Axis": [
				0,
				0,
				0
			]
		},
		"Target": "",
		"Translation": [
			0,
			0,
			0
		]
	},
	"ModelName": "N35-802-16-BL",
	"Parameters": {
		"Capture": {
			"AbsoluteBlackLevelOffset": 0,
			"AutoBlackLevel": true,
			"AutoExposure": true,
			"AutoGain": true,
			"Binning": 1,
			"BlackLevelOffset": 0.501960784313725483,
			"Exposure": 2.73626126855600571,
			"FlashDelay": -0.0500000000000000028,
			"FlexView": 4,
			"FrontLight": false,
			"Gain": 1,
			"GainBoost": false,
			"HardwareGamma": true,
			"Hdr": false,
			"MaxFlashTime": 10,
			"MaxGain": 4,
			"PixelClock": 24,
			"Projector": true,
			"TargetBrightness": 80,
			"TriggerMode": "Software",
			"Triggered": false,
			"UseDisparityMapAreaOfInterest": false
		},
		"DisparityMap": {
			"AreaOfInterest": {
				"LeftTop": [
					0,
					0
				],
				"RightBottom": [
					1279,
					1023
				]
			},
			"MeasurementVolume": {
				"Far": {
					"DisparityStep": 20.3741769654160336,
					"LeftBottom": [
						-496.812298613369308,
						601.985839100816861,
						1759.31421873736963
					],
					"LeftTop": [
						-496.812298613369308,
						-589.999084343480149,
						1759.31421873736963
					],
					"PixelSize": 1.16518565341573521,
					"RightBottom": [
						770.909692302950589,
						601.985839100816861,
						1759.31421873736963
					],
					"RightTop": [
						770.909692302950589,
						-589.999084343480149,
						1759.31421873736963
					]
				},
				"Near": {
					"DisparityStep": 1.98924003234180891,
					"LeftBottom": [
						-155.237234228095986,
						188.100449540633889,
						549.726877167133239
					],
					"LeftTop": [
						-155.237234228095986,
						-184.354989411943478,
						549.726877167133239
					],
					"PixelSize": 0.364081563003496977,
					"RightBottom": [
						240.883506319708715,
						188.100449540633889,
						549.726877167133239
					],
					"RightTop": [
						240.883506319708715,
						-184.354989411943478,
						549.726877167133239
					]
				}
			},
			"PostProcessing": {
				"Filling": {
					"BorderSpread": 3,
					"RegionSize": 150
				},
				"MedianFilterRadius": 1,
				"SpeckleRemoval": {
					"ComponentThreshold": 3,
					"RegionSize": 150
				},
				"UniquenessOffset": 16,
				"UniquenessRatio": 30
			},
			"Scaling": 1,
			"StereoMatching": {
				"CostScale": -3,
				"DepthChangeCost": 4,
				"DepthStepCost": 5,
				"MinimumDisparity": -39,
				"NumberOfDisparities": 192,
				"OptimizationProfile": "AlignedAndDiagonal",
				"PropagationDecay": 3,
				"ScaledMinimumDisparity": -39,
				"ScaledNumberOfDisparities": 192,
				"ShadowingThreshold": 1
			},
			"ValidRegion": {
				"LeftTop": [
					152,
					0
				],
				"RightBottom": [
					1240,
					1023
				]
			}
		},
		"IO": {
			"Input": false,
			"Output": 2.73626126855600571
		},
		"Overlay": {
			"Text": {
				"Angle": 0,
				"Color": [
					255,
					0,
					0
				],
				"Mirror": {
					"Horizontal": false,
					"Vertical": false
				}
			}
		}
	},
	"Port": {
		"Bandwidth": 1000,
		"Type": "Ethernet"
	},